{
    "BLEU": 0.20272591018617298,
    "ChrF++": 9.860788863109047,
    "WER": 113.13131313131312,
    "CER": 74.49856733524355,
    "TER": 90.90909090909092,
    "SER": 77.31958762886599,
    "MFER": 79.23410404624278,
    "MSER": 78.27684583755439,
    "Lemma precision": 55.28218694885363,
    "Lemma recall": 46.24931858265191,
    "Lemma F1": 50.12021638492228
}