{
    "BLEU": 0.18767866899631128,
    "ChrF++": 10.116731517509727,
    "WER": 92.09039548022598,
    "CER": 59.28608380755303,
    "TER": 63.55932203389831,
    "SER": 46.55172413793103,
    "MFER": 0.5717171717171717,
    "MSER": 51.861720654824104,
    "Morpheme accuracy": 0.0,
    "Word accuracy": 0.0
}