{
    "BLEU": 0.2091941158726037,
    "ChrF++": 11.03230890464933,
    "WER": 39.0,
    "CER": 24.882186616399622,
    "TER": 22.499999999999996,
    "SER": 0.0,
    "MFER": 28.761061946902654,
    "MSER": 14.380530973451327,
    "Lemma precision": 87.89858906525573,
    "Lemma recall": 80.3072853072853,
    "Lemma F1": 83.53958768215959
}