{
    "BLEU": 0.11913796054544294,
    "ChrF++": 5.89159465828751,
    "WER": 20.54794520547945,
    "CER": 11.664926931106471,
    "TER": 24.657534246575345,
    "SER": 0.0,
    "MFER": 10.378787878787875,
    "MSER": 5.189393939393938,
    "Lemma precision": 95.60565977232645,
    "Lemma recall": 96.66049382716051,
    "Lemma F1": 96.09801926468593
}