{
    "BLEU": 0.2249149761142099,
    "ChrF++": 7.585075850758509,
    "WER": 63.18840579710145,
    "CER": 34.10852713178294,
    "TER": 52.17391304347826,
    "SER": 45.91836734693878,
    "MFER": 38.46846846846847,
    "MSER": 42.193417907703626,
    "Lemma precision": 91.12786596119928,
    "Lemma recall": 72.07110790444123,
    "Lemma F1": 80.21865691163939
}