{
    "BLEU": 0.3001121236299776,
    "ChrF++": 12.434554973821989,
    "WER": 64.21404682274247,
    "CER": 39.150032195750164,
    "TER": 45.1505016722408,
    "SER": 46.875,
    "MFER": 46.73629242819843,
    "MSER": 46.80564621409921,
    "Lemma precision": 68.21516754850087,
    "Lemma recall": 51.97915664582331,
    "Lemma F1": 58.77730216120308
}