{
    "BLEU": 0.2255272643739382,
    "ChrF++": 11.264534883720929,
    "WER": 76.01156069364163,
    "CER": 57.872034507548534,
    "TER": 78.03468208092485,
    "SER": 61.016949152542374,
    "MFER": 0.5397260273972602,
    "MSER": 57.4947759461342,
    "Morpheme accuracy": 0.0,
    "Word accuracy": 0.0
}