{
    "BLEU": 0.3040723628551415,
    "ChrF++": 12.353706111833551,
    "WER": 66.5551839464883,
    "CER": 40.18029620090148,
    "TER": 75.25083612040133,
    "SER": 78.125,
    "MFER": 48.29396325459317,
    "MSER": 63.20948162729658,
    "Lemma precision": 66.994708994709,
    "Lemma recall": 50.87686387686388,
    "Lemma F1": 57.557892972753656
}