{
    "BLEU": 0.11812355473085352,
    "ChrF++": 5.291627469426153,
    "WER": 49.589041095890416,
    "CER": 40.840292275574114,
    "TER": 61.64383561643836,
    "SER": 90.3010033444816,
    "MFER": 38.501326259946964,
    "MSER": 64.40116480221428,
    "Lemma precision": 95.17356100689433,
    "Lemma recall": 51.872090337518614,
    "Lemma F1": 66.2029881050023
}