{
    "BLEU": 0.3451193033271693,
    "ChrF++": 12.942779291553133,
    "WER": 75.58528428093646,
    "CER": 39.27881519639407,
    "TER": 75.25083612040133,
    "SER": 62.5,
    "MFER": 52.36768802228412,
    "MSER": 57.43384401114206,
    "Lemma precision": 60.48765432098767,
    "Lemma recall": 48.60878627545294,
    "Lemma F1": 53.56794907878501
}