{
    "BLEU": 0.19178754117642932,
    "ChrF++": 12.66178953292065,
    "WER": 126.47058823529412,
    "CER": 82.29827742520399,
    "TER": 132.35294117647058,
    "SER": 82.72058823529413,
    "MFER": 0.8042016806722689,
    "MSER": 81.57037815126051,
    "Morpheme accuracy": 0.0,
    "Word accuracy": 0.0
}