{
    "BLEU": 0.13366313778569583,
    "ChrF++": 10.796723752792255,
    "WER": 25.25,
    "CER": 17.813383600377,
    "TER": 11.249999999999998,
    "SER": 0.0,
    "MFER": 17.67337807606264,
    "MSER": 8.83668903803132,
    "Lemma precision": 86.95590828924163,
    "Lemma recall": 88.68077601410937,
    "Lemma F1": 87.51592366659445
}