{
    "BLEU": 0.14292985283322024,
    "ChrF++": 8.753501400560223,
    "WER": 105.25,
    "CER": 57.35155513666352,
    "TER": 67.5,
    "SER": 77.05479452054794,
    "MFER": 60.0,
    "MSER": 68.52739726027397,
    "Lemma precision": 69.75485008818342,
    "Lemma recall": 34.65709027490559,
    "Lemma F1": 45.97230417571534
}