{
    "BLEU": 0.18259457580308136,
    "ChrF++": 6.96798493408663,
    "WER": 34.492753623188406,
    "CER": 26.215644820295985,
    "TER": 26.08695652173913,
    "SER": 0.0,
    "MFER": 17.759562841530055,
    "MSER": 8.879781420765028,
    "Lemma precision": 95.35185185185185,
    "Lemma recall": 89.48428731762064,
    "Lemma F1": 92.0651080563361
}