{
    "BLEU": 0.0,
    "ChrF++": 5.075569591698623,
    "WER": 54.54545454545454,
    "CER": 19.24546322827125,
    "TER": 60.60606060606061,
    "SER": 15.463917525773196,
    "MFER": 26.44927536231884,
    "MSER": 20.956596444046017,
    "Lemma precision": 85.4118165784832,
    "Lemma recall": 84.41622574955905,
    "Lemma F1": 84.75880225725422
}