{
    "BLEU": 0.18331279891112512,
    "ChrF++": 6.297229219143577,
    "WER": 109.39849624060149,
    "CER": 61.55251141552511,
    "TER": 135.33834586466165,
    "SER": 67.66917293233082,
    "MFER": 61.463844797178126,
    "MSER": 64.56650886475447,
    "Lemma precision": 97.0616482283149,
    "Lemma recall": 68.70099653432986,
    "Lemma F1": 79.90367506208578
}