{
    "BLEU": 0.17598380964228455,
    "ChrF++": 7.296466973886329,
    "WER": 77.11864406779661,
    "CER": 64.41464672511604,
    "TER": 50.847457627118644,
    "SER": 62.06896551724138,
    "MFER": 0.4708249496981891,
    "MSER": 54.575730243530145,
    "Morpheme accuracy": 0.0,
    "Word accuracy": 0.0
}