{
    "BLEU": 0.19836186894660487,
    "ChrF++": 10.92896174863388,
    "WER": 66.75,
    "CER": 36.380772855796415,
    "TER": 67.5,
    "SER": 92.46575342465754,
    "MFER": 48.80174291938998,
    "MSER": 70.63374817202376,
    "Lemma precision": 82.1657848324515,
    "Lemma recall": 56.756811090144424,
    "Lemma F1": 66.56233561021105
}