{
    "BLEU": 0.13372361232679908,
    "ChrF++": 5.122950819672131,
    "WER": 80.82191780821918,
    "CER": 50.626304801670145,
    "TER": 73.97260273972603,
    "SER": 15.050167224080266,
    "MFER": 39.33333333333334,
    "MSER": 27.191750278706806,
    "Lemma precision": 87.28723745390413,
    "Lemma recall": 68.77214143880809,
    "Lemma F1": 76.54246688917125
}