{
    "BLEU": 0.32249146422848335,
    "ChrF++": 13.049450549450547,
    "WER": 45.819397993311036,
    "CER": 27.81712813908564,
    "TER": 30.10033444816053,
    "SER": 31.25,
    "MFER": 33.85416666666667,
    "MSER": 32.552083333333336,
    "Lemma precision": 84.42857142857142,
    "Lemma recall": 65.9765111431778,
    "Lemma F1": 73.74173451056835
}