{
    "BLEU": 0.31430739799527824,
    "ChrF++": 12.872628726287264,
    "WER": 49.831649831649834,
    "CER": 31.411917098445596,
    "TER": 30.303030303030305,
    "SER": 31.3588850174216,
    "MFER": 0.3556701030927835,
    "MSER": 33.46294766334998,
    "Morpheme accuracy": 0.0,
    "Word accuracy": 0.0
}