{
    "BLEU": 0.18673124146930908,
    "ChrF++": 10.258697591436217,
    "WER": 56.00000000000001,
    "CER": 39.91517436380773,
    "TER": 56.25,
    "SER": 30.82191780821918,
    "MFER": 33.50515463917525,
    "MSER": 32.163536223697214,
    "Lemma precision": 65.17283950617285,
    "Lemma recall": 61.456148789482114,
    "Lemma F1": 63.067098593414386
}