{
    "BLEU": 0.18894197362180193,
    "ChrF++": 6.038647342995169,
    "WER": 109.39849624060149,
    "CER": 81.79604261796042,
    "TER": 118.42105263157893,
    "SER": 84.58646616541353,
    "MFER": 51.27071823204423,
    "MSER": 67.92859219872888,
    "Lemma precision": 94.16394099727434,
    "Lemma recall": 69.57142857142858,
    "Lemma F1": 79.3795720771985
}