{
    "BLEU": 0.10690859683286463,
    "ChrF++": 4.779099405267629,
    "WER": 67.67123287671232,
    "CER": 58.3768267223382,
    "TER": 73.97260273972603,
    "SER": 135.4515050167224,
    "MFER": 45.19726247987118,
    "MSER": 90.32438374829678,
    "Lemma precision": 93.04032387365721,
    "Lemma recall": 44.60021913453286,
    "Lemma F1": 59.73694366631918
}