{
    "BLEU": 0.21202187103839165,
    "ChrF++": 10.54421768707483,
    "WER": 86.70520231213872,
    "CER": 60.496046010064696,
    "TER": 78.03468208092485,
    "SER": 61.016949152542374,
    "MFER": 0.6030640668523677,
    "MSER": 60.661677918889566,
    "Morpheme accuracy": 0.0,
    "Word accuracy": 0.0
}