{
    "BLEU": 0.22652794124482734,
    "ChrF++": 10.83916083916084,
    "WER": 93.33333333333333,
    "CER": 65.50387596899225,
    "TER": 78.26086956521738,
    "SER": 61.224489795918366,
    "MFER": 64.70306513409962,
    "MSER": 62.96377746500899,
    "Lemma precision": 55.73015873015874,
    "Lemma recall": 47.94933461600127,
    "Lemma F1": 51.286621874857175
}