{
    "BLEU": 0.19017046596267317,
    "ChrF++": 6.303236797274275,
    "WER": 76.52173913043478,
    "CER": 54.86257928118393,
    "TER": 78.26086956521738,
    "SER": 45.91836734693878,
    "MFER": 48.36003051106026,
    "MSER": 47.13919892899952,
    "Lemma precision": 96.32186948853615,
    "Lemma recall": 61.22895314561981,
    "Lemma F1": 74.31758168445474
}