{
    "BLEU": 0.2138223522993985,
    "ChrF++": 7.428807263722659,
    "WER": 67.69759450171821,
    "CER": 41.928414901387875,
    "TER": 77.31958762886599,
    "SER": 62.93706293706294,
    "MFER": 34.48198198198199,
    "MSER": 48.70952245952246,
    "Lemma precision": 91.01034151034152,
    "Lemma recall": 74.17684784351451,
    "Lemma F1": 81.0559165063809
}