{
    "BLEU": 0.22101539126714848,
    "ChrF++": 7.572570466975177,
    "WER": 75.60137457044674,
    "CER": 51.57048940832725,
    "TER": 46.391752577319586,
    "SER": 31.46853146853147,
    "MFER": 33.818097876269626,
    "MSER": 32.64331467240055,
    "Lemma precision": 91.55531505531506,
    "Lemma recall": 75.36860670194005,
    "Lemma F1": 82.19280398537364
}