{
    "BLEU": 0.0,
    "ChrF++": 3.64963503649635,
    "WER": 100.0,
    "CER": 98.35716458777,
    "TER": 101.50375939849623,
    "SER": 84.58646616541353,
    "MFER": 0.14942528735632185,
    "MSER": 49.76449745052285,
    "Morpheme accuracy": 0.0,
    "Word accuracy": 0.0
}