{
    "BLEU": 0.2063266663924946,
    "ChrF++": 7.698887938408896,
    "WER": 58.76288659793815,
    "CER": 28.268809349890432,
    "TER": 30.927835051546392,
    "SER": 15.734265734265735,
    "MFER": 35.46613896218118,
    "MSER": 25.600202348223455,
    "Lemma precision": 92.20699054032389,
    "Lemma recall": 72.86924803591471,
    "Lemma F1": 80.85495659025071
}