{
    "BLEU": 0.12193116276731476,
    "ChrF++": 6.071235833783054,
    "WER": 16.71232876712329,
    "CER": 9.420668058455114,
    "TER": 24.657534246575345,
    "SER": 0.0,
    "MFER": 8.588342440801457,
    "MSER": 4.294171220400728,
    "Lemma precision": 96.3896103896104,
    "Lemma recall": 97.4047619047619,
    "Lemma F1": 96.86345136345136
}