{
    "BLEU": 0.26784019722371666,
    "ChrF++": 10.805500982318271,
    "WER": 84.0,
    "CER": 60.79170593779454,
    "TER": 67.5,
    "SER": 46.23287671232877,
    "MFER": 57.76119402985075,
    "MSER": 51.99703537108976,
    "Lemma precision": 48.219576719576736,
    "Lemma recall": 42.92889209555875,
    "Lemma F1": 45.10072047739746
}