{
    "BLEU": 0.0,
    "ChrF++": 7.293354943273907,
    "WER": 66.10738255033557,
    "CER": 37.36957049259889,
    "TER": 60.40268456375839,
    "SER": 0.0,
    "MFER": 0.39502164502164505,
    "MSER": 19.751082251082252,
    "Morpheme accuracy": 0.0,
    "Word accuracy": 0.0
}