{
    "BLEU": 0.20815595455537036,
    "ChrF++": 6.320224719101124,
    "WER": 69.36026936026936,
    "CER": 42.311365807067816,
    "TER": 60.60606060606061,
    "SER": 30.927835051546392,
    "MFER": 46.298633017875915,
    "MSER": 38.613234034711155,
    "Lemma precision": 90.8994708994709,
    "Lemma recall": 63.172814839481504,
    "Lemma F1": 74.39502478563367
}