{
    "BLEU": 0.17496079179259402,
    "ChrF++": 11.637239165329055,
    "WER": 42.75,
    "CER": 25.25918944392083,
    "TER": 11.249999999999998,
    "SER": 15.41095890410959,
    "MFER": 24.815724815724817,
    "MSER": 20.113341859917202,
    "Lemma precision": 67.11816578483248,
    "Lemma recall": 66.24050024050027,
    "Lemma F1": 66.62568880112742
}