{
    "BLEU": 0.12193116276731476,
    "ChrF++": 6.424900057110222,
    "WER": 38.082191780821915,
    "CER": 22.416492693110648,
    "TER": 73.97260273972603,
    "SER": 15.050167224080266,
    "MFER": 19.544626593806925,
    "MSER": 17.297396908943597,
    "Lemma precision": 93.82523649190315,
    "Lemma recall": 94.04497354497353,
    "Lemma F1": 93.8535048447329
}