{
    "BLEU": 0.19127583582458468,
    "ChrF++": 8.17498895271763,
    "WER": 6.3768115942028984,
    "CER": 3.5940803382663846,
    "TER": 13.043478260869565,
    "SER": 0.0,
    "MFER": 4.142857142857142,
    "MSER": 2.071428571428571,
    "Lemma precision": 98.12345679012344,
    "Lemma recall": 97.20089786756454,
    "Lemma F1": 97.6197219628592
}