{
    "BLEU": 0.21598860334461206,
    "ChrF++": 7.922535211267605,
    "WER": 89.3470790378007,
    "CER": 71.18334550766984,
    "TER": 77.31958762886599,
    "SER": 47.2027972027972,
    "MFER": 44.70198675496689,
    "MSER": 45.95239197888205,
    "Lemma precision": 87.75541125541125,
    "Lemma recall": 87.33068783068784,
    "Lemma F1": 87.31978110564282
}