{
    "BLEU": 0.1934861914598461,
    "ChrF++": 13.05104408352668,
    "WER": 117.66917293233084,
    "CER": 74.79452054794521,
    "TER": 101.50375939849623,
    "SER": 67.66917293233082,
    "MFER": 71.05522682445762,
    "MSER": 69.36219987839422,
    "Lemma precision": 58.99254449254451,
    "Lemma recall": 47.42801026134359,
    "Lemma F1": 52.06360982212376
}