{
    "BLEU": 0.1965974659925209,
    "ChrF++": 12.719050310910122,
    "WER": 124.06015037593986,
    "CER": 78.73440827502282,
    "TER": 101.50375939849623,
    "SER": 67.66917293233082,
    "MFER": 0.7174157303370786,
    "MSER": 69.70537298301934,
    "Morpheme accuracy": 0.0,
    "Word accuracy": 0.0
}