{
    "BLEU": 0.16791169726112157,
    "ChrF++": 11.904761904761903,
    "WER": 56.99999999999999,
    "CER": 34.731385485391144,
    "TER": 33.75,
    "SER": 15.41095890410959,
    "MFER": 38.242280285035626,
    "MSER": 26.82661959457261,
    "Lemma precision": 68.10934744268081,
    "Lemma recall": 65.52557319223989,
    "Lemma F1": 66.66766564857383
}