{
    "BLEU": 0.21156968974664028,
    "ChrF++": 9.673258813413584,
    "WER": 104.51127819548873,
    "CER": 60.024338302403415,
    "TER": 118.42105263157893,
    "SER": 67.66917293233082,
    "MFER": 0.5947341513292435,
    "MSER": 63.571294032627584,
    "Morpheme accuracy": 0.0,
    "Word accuracy": 0.0
}