{
    "BLEU": 0.18592872241851016,
    "ChrF++": 7.4306472919418765,
    "WER": 110.5263157894737,
    "CER": 57.22983257229832,
    "TER": 135.33834586466165,
    "SER": 84.58646616541353,
    "MFER": 56.34048257372655,
    "MSER": 70.46347436957004,
    "Lemma precision": 95.15592432259099,
    "Lemma recall": 69.50995917662584,
    "Lemma F1": 79.40383467008854
}