{
    "BLEU": 0.17319596347031083,
    "ChrF++": 5.359695092901381,
    "WER": 73.4006734006734,
    "CER": 40.114613180515754,
    "TER": 75.75757575757575,
    "SER": 15.463917525773196,
    "MFER": 35.645724258289704,
    "MSER": 25.55482089203145,
    "Lemma precision": 96.60229276895944,
    "Lemma recall": 74.83329633329633,
    "Lemma F1": 83.98359905085799
}