{
    "BLEU": 0.0,
    "ChrF++": 6.785283474065139,
    "WER": 57.5187969924812,
    "CER": 29.101978691019788,
    "TER": 84.58646616541353,
    "SER": 33.83458646616541,
    "MFER": 18.361018826135105,
    "MSER": 26.097802646150257,
    "Lemma precision": 98.48933782267115,
    "Lemma recall": 88.00529100529097,
    "Lemma F1": 92.68382897536664
}