{
    "BLEU": 0.26436709550499277,
    "ChrF++": 11.303692539562924,
    "WER": 99.06832298136646,
    "CER": 79.41738299904489,
    "TER": 69.87577639751552,
    "SER": 51.526717557251914,
    "MFER": 0.5961538461538461,
    "MSER": 55.57105108631826,
    "Morpheme accuracy": 0.0,
    "Word accuracy": 0.0
}