{
    "BLEU": 0.30609232897162203,
    "ChrF++": 12.5,
    "WER": 66.22073578595318,
    "CER": 35.73728267868641,
    "TER": 75.25083612040133,
    "SER": 31.25,
    "MFER": 48.57142857142857,
    "MSER": 39.910714285714285,
    "Lemma precision": 65.0282186948854,
    "Lemma recall": 53.069424402757726,
    "Lemma F1": 58.101284050200476
}