{
    "BLEU": 0.219141141307952,
    "ChrF++": 9.25925925925926,
    "WER": 61.452513966480446,
    "CER": 39.5959595959596,
    "TER": 87.98882681564245,
    "SER": 76.79180887372013,
    "MFER": 31.79419525065963,
    "MSER": 54.29300206218988,
    "Lemma precision": 82.90828924162257,
    "Lemma recall": 79.06605739939076,
    "Lemma F1": 80.61401656860892
}