{
    "BLEU": 0.177644257698532,
    "ChrF++": 12.077294685990339,
    "WER": 133.45588235294116,
    "CER": 81.02901178603807,
    "TER": 115.80882352941177,
    "SER": 82.72058823529413,
    "MFER": 81.55585106382978,
    "MSER": 82.13821964956196,
    "Lemma precision": 58.164902998236336,
    "Lemma recall": 44.998957832291154,
    "Lemma F1": 50.08145970529871
}