{
    "BLEU": 0.13746965003330597,
    "ChrF++": 9.30487137383689,
    "WER": 41.899441340782126,
    "CER": 28.16161616161616,
    "TER": 37.709497206703915,
    "SER": 0.0,
    "MFER": 17.18455743879473,
    "MSER": 8.592278719397365,
    "Lemma precision": 89.80599647266314,
    "Lemma recall": 90.54056437389771,
    "Lemma F1": 90.10174897532998
}