{
    "BLEU": 0.14202038289019475,
    "ChrF++": 4.912663755458515,
    "WER": 121.3235294117647,
    "CER": 71.91749773345421,
    "TER": 99.26470588235294,
    "SER": 66.17647058823529,
    "MFER": 67.74662300450267,
    "MSER": 66.96154679636898,
    "Lemma precision": 69.68077601410934,
    "Lemma recall": 55.05274971941638,
    "Lemma F1": 60.890786047648795
}