{
    "BLEU": 0.0,
    "ChrF++": 5.353319057815846,
    "WER": 58.92255892255892,
    "CER": 30.873925501432666,
    "TER": 60.60606060606061,
    "SER": 15.463917525773196,
    "MFER": 26.455108359133135,
    "MSER": 20.959512942453166,
    "Lemma precision": 95.16137566137569,
    "Lemma recall": 88.79252845919513,
    "Lemma F1": 91.58956154879787
}