{
    "BLEU": 0.17447323899432407,
    "ChrF++": 6.865912762520194,
    "WER": 115.08379888268156,
    "CER": 92.60606060606061,
    "TER": 113.12849162011173,
    "SER": 92.15017064846417,
    "MFER": 61.71259842519685,
    "MSER": 76.9313845368305,
    "Lemma precision": 70.96913580246915,
    "Lemma recall": 42.37977811662021,
    "Lemma F1": 52.57729876936656
}