{
    "BLEU": 0.19658932363033957,
    "ChrF++": 7.35294117647059,
    "WER": 107.909604519774,
    "CER": 86.13554061045008,
    "TER": 127.11864406779662,
    "SER": 155.17241379310346,
    "MFER": 0.6428571428571429,
    "MSER": 109.72906403940888,
    "Morpheme accuracy": 0.0,
    "Word accuracy": 0.0
}