{
    "BLEU": 0.24255248944701932,
    "ChrF++": 12.417823228634038,
    "WER": 91.62011173184358,
    "CER": 61.252525252525245,
    "TER": 87.98882681564245,
    "SER": 92.15017064846417,
    "MFER": 62.287756925826635,
    "MSER": 77.2189637871454,
    "Lemma precision": 61.556437389770736,
    "Lemma recall": 48.76110309443643,
    "Lemma F1": 54.059904472701184
}