{
    "BLEU": 0.17758972871471304,
    "ChrF++": 11.346444780635402,
    "WER": 82.46575342465754,
    "CER": 60.69937369519833,
    "TER": 73.97260273972603,
    "SER": 45.1505016722408,
    "MFER": 59.52641165755919,
    "MSER": 52.338456664899994,
    "Lemma precision": 81.165544332211,
    "Lemma recall": 66.07118807118808,
    "Lemma F1": 72.37231743526894
}