{
    "BLEU": 0.2202121279496168,
    "ChrF++": 9.081735620585267,
    "WER": 83.8487972508591,
    "CER": 40.13878743608473,
    "TER": 123.71134020618557,
    "SER": 47.2027972027972,
    "MFER": 50.29843893480256,
    "MSER": 48.75061806879988,
    "Lemma precision": 81.11439794773129,
    "Lemma recall": 67.16690716690717,
    "Lemma F1": 73.02410875063093
}