{
    "BLEU": 0.2164399614850175,
    "ChrF++": 8.890968647636873,
    "WER": 98.9010989010989,
    "CER": 44.01459854014598,
    "TER": 131.86813186813185,
    "SER": 50.373134328358205,
    "MFER": 0.5574173369079536,
    "MSER": 53.05743400957678,
    "Morpheme accuracy": 0.0,
    "Word accuracy": 0.0
}