{
    "BLEU": 0.2330495824008004,
    "ChrF++": 10.292164674634794,
    "WER": 97.68115942028986,
    "CER": 70.01409443269908,
    "TER": 78.26086956521738,
    "SER": 61.224489795918366,
    "MFER": 71.56565656565658,
    "MSER": 66.39507318078748,
    "Lemma precision": 50.87477954144622,
    "Lemma recall": 45.477553310886634,
    "Lemma F1": 47.682809087865856
}