{
    "BLEU": 0.3118504939708639,
    "ChrF++": 12.305699481865286,
    "WER": 67.34006734006735,
    "CER": 45.79015544041451,
    "TER": 90.90909090909092,
    "SER": 78.397212543554,
    "MFER": 0.4498567335243553,
    "MSER": 61.691442947994766,
    "Morpheme accuracy": 0.0,
    "Word accuracy": 0.0
}