{
    "BLEU": 0.0,
    "ChrF++": 0.0,
    "WER": 100.0,
    "CER": 99.74452554744525,
    "TER": 65.93406593406593,
    "SER": 67.16417910447761,
    "MFER": 0.022222222222222223,
    "MSER": 34.69320066334992,
    "Morpheme accuracy": 0.0,
    "Word accuracy": 0.0
}