{
    "BLEU": 0.13482008456951877,
    "ChrF++": 9.39745715865119,
    "WER": 26.536312849162012,
    "CER": 20.0,
    "TER": 12.569832402234638,
    "SER": 0.0,
    "MFER": 9.331476323119778,
    "MSER": 4.665738161559889,
    "Lemma precision": 93.67901234567901,
    "Lemma recall": 93.09684143017479,
    "Lemma F1": 93.26281960595686
}