{
    "BLEU": 0.17813128145105905,
    "ChrF++": 7.654209815398468,
    "WER": 120.39106145251397,
    "CER": 90.02020202020202,
    "TER": 100.5586592178771,
    "SER": 76.79180887372013,
    "MFER": 63.14168377823408,
    "MSER": 69.96674632597711,
    "Lemma precision": 62.60758377425044,
    "Lemma recall": 37.929286762620094,
    "Lemma F1": 46.986056523245615
}