{
    "BLEU": 0.09501713942438117,
    "ChrF++": 5.850234009360374,
    "WER": 35.06849315068493,
    "CER": 18.684759916492695,
    "TER": 24.657534246575345,
    "SER": 15.050167224080266,
    "MFER": 20.093299406276504,
    "MSER": 17.571733315178385,
    "Lemma precision": 92.30495430495431,
    "Lemma recall": 94.98941798941799,
    "Lemma F1": 93.44858102185243
}