{
    "BLEU": 0.0,
    "ChrF++": 4.8711842390127735,
    "WER": 95.58823529411765,
    "CER": 69.74161378059837,
    "TER": 99.26470588235294,
    "SER": 66.17647058823529,
    "MFER": 52.2,
    "MSER": 59.188235294117646,
    "Lemma precision": 68.2231040564374,
    "Lemma recall": 63.19047619047623,
    "Lemma F1": 65.35447641071998
}