{
    "BLEU": 0.14994336207607048,
    "ChrF++": 8.017103153393906,
    "WER": 177.32919254658387,
    "CER": 107.35434574976122,
    "TER": 125.77639751552793,
    "SER": 68.70229007633588,
    "MFER": 0.7631027253668764,
    "MSER": 72.50628130651177,
    "Morpheme accuracy": 0.0,
    "Word accuracy": 0.0
}