{
    "BLEU": 0.20677892619058122,
    "ChrF++": 9.249183895538629,
    "WER": 93.29608938547486,
    "CER": 52.121212121212125,
    "TER": 75.41899441340783,
    "SER": 46.075085324232084,
    "MFER": 47.75967413441955,
    "MSER": 46.917379729325816,
    "Lemma precision": 88.13492063492063,
    "Lemma recall": 69.14404731071397,
    "Lemma F1": 77.03910417566361
}