{
    "BLEU": 0.37935341197256656,
    "ChrF++": 14.890282131661442,
    "WER": 20.735785953177256,
    "CER": 13.844172569220865,
    "TER": 30.10033444816053,
    "SER": 31.25,
    "MFER": 12.666666666666668,
    "MSER": 21.958333333333336,
    "Lemma precision": 88.09964726631392,
    "Lemma recall": 88.49118165784833,
    "Lemma F1": 88.13735975449082
}