{
    "BLEU": 0.1930271859052238,
    "ChrF++": 7.518796992481203,
    "WER": 83.5,
    "CER": 67.20075400565504,
    "TER": 67.5,
    "SER": 92.46575342465754,
    "MFER": 61.710794297352344,
    "MSER": 77.08827386100494,
    "Lemma precision": 62.61022927689594,
    "Lemma recall": 37.58280390633332,
    "Lemma F1": 46.762954076058875
}