{
    "BLEU": 0.17786712130731136,
    "ChrF++": 5.969753250198993,
    "WER": 104.51127819548873,
    "CER": 58.50837138508371,
    "TER": 118.42105263157893,
    "SER": 67.66917293233082,
    "MFER": 51.483899042645774,
    "MSER": 59.5765359874883,
    "Lemma precision": 98.3879268879269,
    "Lemma recall": 68.86864986864987,
    "Lemma F1": 80.48576010237517
}