{
    "BLEU": 0.18323399602191737,
    "ChrF++": 9.866666666666667,
    "WER": 47.97687861271676,
    "CER": 26.815240833932425,
    "TER": 65.02890173410405,
    "SER": 15.254237288135593,
    "MFER": 0.29064486830154407,
    "MSER": 22.159362059145,
    "Morpheme accuracy": 0.0,
    "Word accuracy": 0.0
}