{
    "BLEU": 0.18919918557259727,
    "ChrF++": 9.989200863930886,
    "WER": 45.79710144927536,
    "CER": 23.46723044397463,
    "TER": 52.17391304347826,
    "SER": 0.0,
    "MFER": 27.54237288135593,
    "MSER": 13.771186440677965,
    "Lemma precision": 92.38359788359789,
    "Lemma recall": 90.56966490299824,
    "Lemma F1": 91.39820333318785
}