{
    "BLEU": 0.17123425612822188,
    "ChrF++": 7.842306061890633,
    "WER": 67.05202312138728,
    "CER": 37.09561466570812,
    "TER": 78.03468208092485,
    "SER": 30.508474576271187,
    "MFER": 0.38530465949820786,
    "MSER": 34.51947026304599,
    "Morpheme accuracy": 0.0,
    "Word accuracy": 0.0
}