{
    "BLEU": 0.1800813524489363,
    "ChrF++": 9.645464025026069,
    "WER": 51.01449275362319,
    "CER": 29.42212825933756,
    "TER": 52.17391304347826,
    "SER": 0.0,
    "MFER": 32.21626452189455,
    "MSER": 16.108132260947276,
    "Lemma precision": 91.97971781305115,
    "Lemma recall": 88.80767997434664,
    "Lemma F1": 90.15758176387692
}