{
    "BLEU": 0.3402227921461218,
    "ChrF++": 13.437057991513438,
    "WER": 39.130434782608695,
    "CER": 24.726336123631683,
    "TER": 45.1505016722408,
    "SER": 46.875,
    "MFER": 28.767123287671232,
    "MSER": 37.82106164383562,
    "Lemma precision": 87.42328042328042,
    "Lemma recall": 71.14357864357864,
    "Lemma F1": 78.16671781377664
}