{
    "BLEU": 0.1709015645531943,
    "ChrF++": 7.8268876611418055,
    "WER": 120.11173184357543,
    "CER": 88.84848484848484,
    "TER": 125.69832402234637,
    "SER": 92.15017064846417,
    "MFER": 64.10788381742739,
    "MSER": 78.12902723294579,
    "Lemma precision": 61.70017636684306,
    "Lemma recall": 37.42867644338234,
    "Lemma F1": 46.29729465591923
}