{
    "BLEU": 0.2038393963404291,
    "ChrF++": 7.9470198675496695,
    "WER": 76.6323024054983,
    "CER": 44.92330168005844,
    "TER": 108.24742268041237,
    "SER": 47.2027972027972,
    "MFER": 45.43812104787713,
    "MSER": 46.320459125337166,
    "Lemma precision": 88.59764309764307,
    "Lemma recall": 72.4193522526856,
    "Lemma F1": 79.0100857366079
}