{
    "BLEU": 0.18464543392316626,
    "ChrF++": 7.940327237728583,
    "WER": 121.78770949720669,
    "CER": 87.55555555555556,
    "TER": 100.5586592178771,
    "SER": 61.43344709897611,
    "MFER": 60.64129668780831,
    "MSER": 61.037371893392205,
    "Lemma precision": 67.1499118165785,
    "Lemma recall": 40.74796046364674,
    "Lemma F1": 50.46380239912344
}