{
    "BLEU": 0.0,
    "ChrF++": 4.846004738315744,
    "WER": 102.94117647058823,
    "CER": 62.420670897552135,
    "TER": 115.80882352941177,
    "SER": 49.63235294117647,
    "MFER": 54.8096754625417,
    "MSER": 52.221014201859084,
    "Lemma precision": 78.01851851851852,
    "Lemma recall": 68.80912297578968,
    "Lemma F1": 72.80425151426185
}