{
    "BLEU": 0.1848347233984732,
    "ChrF++": 9.475679090334808,
    "WER": 121.11801242236024,
    "CER": 74.64183381088824,
    "TER": 125.77639751552793,
    "SER": 17.17557251908397,
    "MFER": 0.6568421052631579,
    "MSER": 41.42989152269988,
    "Morpheme accuracy": 0.0,
    "Word accuracy": 0.0
}