{
    "BLEU": 0.18282106943410076,
    "ChrF++": 7.194244604316546,
    "WER": 98.04469273743017,
    "CER": 86.98989898989899,
    "TER": 75.41899441340783,
    "SER": 61.43344709897611,
    "MFER": 47.35729386892177,
    "MSER": 54.39537048394894,
    "Lemma precision": 85.31040564373897,
    "Lemma recall": 54.13130805287668,
    "Lemma F1": 65.9109068701432
}