{
    "BLEU": 0.0,
    "ChrF++": 4.078303425774878,
    "WER": 100.0,
    "CER": 94.71894832275612,
    "TER": 99.26470588235294,
    "SER": 49.63235294117647,
    "MFER": 26.196581196581192,
    "MSER": 37.914467068878835,
    "Lemma precision": 8.862433862433862,
    "Lemma recall": 8.174603174603174,
    "Lemma F1": 8.494505494505495
}