{
    "BLEU": 0.19448902501375873,
    "ChrF++": 5.376344086021505,
    "WER": 94.85294117647058,
    "CER": 49.88667271078876,
    "TER": 82.72058823529413,
    "SER": 49.63235294117647,
    "MFER": 43.96825396825396,
    "MSER": 46.80030345471522,
    "Lemma precision": 93.28835978835981,
    "Lemma recall": 77.07567740901078,
    "Lemma F1": 83.73918481090824
}