{
    "BLEU": 0.09742416809615477,
    "ChrF++": 4.816955684007707,
    "WER": 76.98630136986301,
    "CER": 54.436325678496864,
    "TER": 98.63013698630138,
    "SER": 15.050167224080266,
    "MFER": 36.22418879056046,
    "MSER": 25.637178007320365,
    "Lemma precision": 90.72382555715889,
    "Lemma recall": 87.88864838864838,
    "Lemma F1": 88.99195865862531
}