{
    "BLEU": 0.20482248629752392,
    "ChrF++": 12.361743656473651,
    "WER": 125.27472527472527,
    "CER": 78.24817518248175,
    "TER": 115.3846153846154,
    "SER": 100.74626865671641,
    "MFER": 0.6639857015192134,
    "MSER": 83.57241940431888,
    "Morpheme accuracy": 0.0,
    "Word accuracy": 0.0
}