{
    "BLEU": 0.20167298572620854,
    "ChrF++": 11.711125569290827,
    "WER": 119.58762886597938,
    "CER": 77.64791818845873,
    "TER": 108.24742268041237,
    "SER": 94.4055944055944,
    "MFER": 62.510936132983375,
    "MSER": 78.45826526928889,
    "Lemma precision": 64.06228956228956,
    "Lemma recall": 50.13427930094596,
    "Lemma F1": 55.90772740617942
}