{
    "BLEU": 0.12767382495034413,
    "ChrF++": 5.135813741154987,
    "WER": 24.579124579124578,
    "CER": 13.276026743075453,
    "TER": 30.303030303030305,
    "SER": 0.0,
    "MFER": 13.804713804713803,
    "MSER": 6.902356902356901,
    "Lemma precision": 96.2037037037037,
    "Lemma recall": 95.23528940195607,
    "Lemma F1": 95.64463610387244
}