{
    "BLEU": 0.0,
    "ChrF++": 5.7397959183673475,
    "WER": 67.003367003367,
    "CER": 31.733524355300858,
    "TER": 75.75757575757575,
    "SER": 0.0,
    "MFER": 34.178743961352666,
    "MSER": 17.089371980676333,
    "Lemma precision": 96.24779541446208,
    "Lemma recall": 90.65239698573033,
    "Lemma F1": 93.12226694682833
}