{
    "BLEU": 0.0,
    "ChrF++": 7.9900568181818175,
    "WER": 72.55639097744361,
    "CER": 33.45509893455099,
    "TER": 101.50375939849623,
    "SER": 50.751879699248114,
    "MFER": 31.556712962962962,
    "MSER": 41.15429633110554,
    "Lemma precision": 97.62153278819945,
    "Lemma recall": 89.79805996472662,
    "Lemma F1": 93.20518231147744
}