{
    "BLEU": 0.20832786482771842,
    "ChrF++": 5.569306930693069,
    "WER": 51.34228187919463,
    "CER": 31.375879640863868,
    "TER": 45.302013422818796,
    "SER": 15.41095890410959,
    "MFER": 0.32011494252873546,
    "MSER": 23.71122657849157,
    "Morpheme accuracy": 0.0,
    "Word accuracy": 0.0
}