{
    "BLEU": 0.22059771770843417,
    "ChrF++": 6.489760599942312,
    "WER": 73.06397306397307,
    "CER": 40.926456542502386,
    "TER": 60.60606060606061,
    "SER": 15.463917525773196,
    "MFER": 38.81836945304437,
    "MSER": 27.141143489408783,
    "Lemma precision": 92.43915343915344,
    "Lemma recall": 84.36315536315536,
    "Lemma F1": 87.8928552050327
}