{
    "BLEU": 0.21694027339723998,
    "ChrF++": 8.215426745778183,
    "WER": 56.013745704467354,
    "CER": 28.41490138787436,
    "TER": 92.78350515463917,
    "SER": 31.46853146853147,
    "MFER": 29.94444444444444,
    "MSER": 30.706487956487955,
    "Lemma precision": 84.25364758698089,
    "Lemma recall": 81.62081128747795,
    "Lemma F1": 82.77337368513837
}