{
    "BLEU": 0.1800813524489363,
    "ChrF++": 7.212475633528265,
    "WER": 43.47826086956522,
    "CER": 32.02959830866808,
    "TER": 39.13043478260869,
    "SER": 0.0,
    "MFER": 21.916890080428956,
    "MSER": 10.958445040214478,
    "Lemma precision": 92.67989417989419,
    "Lemma recall": 86.87870771204105,
    "Lemma F1": 89.39595041659027
}