{
    "BLEU": 0.0,
    "ChrF++": 6.851400730816079,
    "WER": 25.563909774436087,
    "CER": 10.471841704718416,
    "TER": 50.751879699248114,
    "SER": 16.917293233082706,
    "MFER": 10.429687499999998,
    "MSER": 13.673490366541351,
    "Lemma precision": 95.38343755010419,
    "Lemma recall": 98.49470899470899,
    "Lemma F1": 96.76180464415754
}