{
    "BLEU": 0.1786643009177905,
    "ChrF++": 12.08378088077336,
    "WER": 134.19117647058823,
    "CER": 81.64097914777878,
    "TER": 115.80882352941177,
    "SER": 82.72058823529413,
    "MFER": 81.03006189213087,
    "MSER": 81.8753250637125,
    "Lemma precision": 59.05379188712523,
    "Lemma recall": 45.6360429693763,
    "Lemma F1": 50.82760245144146
}