{
    "BLEU": 0.0,
    "ChrF++": 4.878048780487805,
    "WER": 100.0,
    "CER": 99.66571155682904,
    "TER": 69.87577639751552,
    "SER": 85.87786259541986,
    "MFER": 0.21818181818181817,
    "MSER": 53.848022206800835,
    "Morpheme accuracy": 0.0,
    "Word accuracy": 0.0
}