{
    "BLEU": 0.16875427607076088,
    "ChrF++": 10.775862068965518,
    "WER": 82.73972602739727,
    "CER": 61.09081419624217,
    "TER": 73.97260273972603,
    "SER": 45.1505016722408,
    "MFER": 69.11602209944752,
    "MSER": 57.13326188584416,
    "Lemma precision": 66.97667147667148,
    "Lemma recall": 55.24394741061408,
    "Lemma F1": 60.17302536549185
}