{
    "BLEU": 0.19583795452099637,
    "ChrF++": 12.576858580212411,
    "WER": 86.84931506849315,
    "CER": 65.08810572687224,
    "TER": 73.97260273972603,
    "SER": 45.1505016722408,
    "MFER": 0.6426282051282052,
    "MSER": 54.70666109253065,
    "Morpheme accuracy": 0.0,
    "Word accuracy": 0.0
}