{
    "BLEU": 0.30952592691811753,
    "ChrF++": 12.837837837837837,
    "WER": 73.91304347826086,
    "CER": 37.79781068898905,
    "TER": 75.25083612040133,
    "SER": 62.5,
    "MFER": 54.30555555555555,
    "MSER": 58.40277777777777,
    "Lemma precision": 58.216049382716086,
    "Lemma recall": 46.83501683501682,
    "Lemma F1": 51.63244323615841
}