{
    "BLEU": 0.33263332677520324,
    "ChrF++": 12.616201859229745,
    "WER": 79.12457912457911,
    "CER": 42.09844559585492,
    "TER": 75.75757575757575,
    "SER": 62.7177700348432,
    "MFER": 0.5482093663911846,
    "MSER": 58.76935333698083,
    "Morpheme accuracy": 0.0,
    "Word accuracy": 0.0
}