{
    "BLEU": 0.18435019533395763,
    "ChrF++": 11.87335092348285,
    "WER": 79.17808219178082,
    "CER": 60.13215859030837,
    "TER": 73.97260273972603,
    "SER": 45.1505016722408,
    "MFER": 0.5828924162257496,
    "MSER": 51.719871647407885,
    "Morpheme accuracy": 0.0,
    "Word accuracy": 0.0
}