{
    "BLEU": 0.2840707114522726,
    "ChrF++": 10.514018691588785,
    "WER": 88.4180790960452,
    "CER": 62.49353336782204,
    "TER": 63.55932203389831,
    "SER": 62.06896551724138,
    "MFER": 0.584070796460177,
    "MSER": 60.23802258162954,
    "Morpheme accuracy": 0.0,
    "Word accuracy": 0.0
}