{
    "BLEU": 0.2592640068977121,
    "ChrF++": 9.888220120378332,
    "WER": 94.25,
    "CER": 74.83506126295947,
    "TER": 56.25,
    "SER": 61.64383561643836,
    "MFER": 56.79347826086957,
    "MSER": 59.218656938653965,
    "Lemma precision": 54.31128747795415,
    "Lemma recall": 43.93554593554592,
    "Lemma F1": 48.21277518491138
}