{
    "BLEU": 0.1706901425292171,
    "ChrF++": 8.022549869904596,
    "WER": 35.65217391304348,
    "CER": 18.14658210007047,
    "TER": 39.13043478260869,
    "SER": 0.0,
    "MFER": 22.421142369991475,
    "MSER": 11.210571184995738,
    "Lemma precision": 97.16402116402116,
    "Lemma recall": 96.93282026615357,
    "Lemma F1": 96.98853615520281
}