{
    "BLEU": 0.21840561576320133,
    "ChrF++": 13.368983957219251,
    "WER": 112.03007518796993,
    "CER": 74.91628614916286,
    "TER": 101.50375939849623,
    "SER": 67.66917293233082,
    "MFER": 70.22703818369455,
    "MSER": 68.94810555801268,
    "Lemma precision": 58.825877825877825,
    "Lemma recall": 49.15552348885682,
    "Lemma F1": 53.076875786370124
}