{
    "BLEU": 0.18988631730655542,
    "ChrF++": 8.039982616253804,
    "WER": 13.623188405797102,
    "CER": 7.399577167019028,
    "TER": 26.08695652173913,
    "SER": 0.0,
    "MFER": 8.970727101038715,
    "MSER": 4.485363550519358,
    "Lemma precision": 97.25925925925925,
    "Lemma recall": 96.13932980599645,
    "Lemma F1": 96.66130383777441
}