{
    "BLEU": 0.0,
    "ChrF++": 6.578947368421052,
    "WER": 35.338345864661655,
    "CER": 14.398782343987824,
    "TER": 67.66917293233082,
    "SER": 33.83458646616541,
    "MFER": 20.70382882882883,
    "MSER": 27.26920764749712,
    "Lemma precision": 97.05363155363155,
    "Lemma recall": 86.87037037037035,
    "Lemma F1": 91.36866275565964
}