{
    "BLEU": 0.3477312941888029,
    "ChrF++": 14.328808446455502,
    "WER": 16.05351170568562,
    "CER": 10.753380553766902,
    "TER": 0.0,
    "SER": 0.0,
    "MFER": 12.738853503184714,
    "MSER": 6.369426751592357,
    "Lemma precision": 92.49206349206348,
    "Lemma recall": 88.96560846560845,
    "Lemma F1": 90.54883859785816
}