{
    "BLEU": 0.2113546297646152,
    "ChrF++": 8.14111261872456,
    "WER": 82.4742268041237,
    "CER": 59.240321402483566,
    "TER": 61.855670103092784,
    "SER": 15.734265734265735,
    "MFER": 42.60450160771705,
    "MSER": 29.16938367099139,
    "Lemma precision": 85.5535513868847,
    "Lemma recall": 83.58024691358024,
    "Lemma F1": 84.23229633188355
}