{
    "BLEU": 0.1934861914598461,
    "ChrF++": 4.87752005202688,
    "WER": 81.81818181818183,
    "CER": 42.38299904489016,
    "TER": 75.75757575757575,
    "SER": 0.0,
    "MFER": 38.724992955762175,
    "MSER": 19.362496477881088,
    "Lemma precision": 94.59347442680776,
    "Lemma recall": 83.14027330693997,
    "Lemma F1": 88.14477295188024
}