{
    "BLEU": 0.2765856417483615,
    "ChrF++": 12.402088772845953,
    "WER": 64.54849498327759,
    "CER": 39.34320669671603,
    "TER": 60.20066889632106,
    "SER": 62.5,
    "MFER": 47.229551451187334,
    "MSER": 54.86477572559367,
    "Lemma precision": 66.25396825396825,
    "Lemma recall": 51.16313932980599,
    "Lemma F1": 57.51054495326944
}