{
    "BLEU": 0.1810453845367088,
    "ChrF++": 11.8657937806874,
    "WER": 26.25,
    "CER": 16.729500471253534,
    "TER": 22.499999999999996,
    "SER": 15.41095890410959,
    "MFER": 13.316582914572864,
    "MSER": 14.363770909341227,
    "Lemma precision": 81.85626102292768,
    "Lemma recall": 81.70017636684302,
    "Lemma F1": 81.48748312422202
}