{
    "BLEU": 0.12582605790952256,
    "ChrF++": 5.284170972287459,
    "WER": 105.88235294117648,
    "CER": 70.92021758839529,
    "TER": 115.80882352941177,
    "SER": 132.35294117647058,
    "MFER": 78.3664459161148,
    "MSER": 105.35969354629269,
    "Lemma precision": 70.55291005291005,
    "Lemma recall": 35.432527893312205,
    "Lemma F1": 46.935087398056844
}