{
    "BLEU": 0.21598860334461206,
    "ChrF++": 8.16326530612245,
    "WER": 74.22680412371135,
    "CER": 53.36011687363039,
    "TER": 30.927835051546392,
    "SER": 0.0,
    "MFER": 34.01864035087719,
    "MSER": 17.009320175438596,
    "Lemma precision": 85.76607343274009,
    "Lemma recall": 85.55026455026454,
    "Lemma F1": 85.42211917960108
}