{
    "BLEU": 0.18618050923366591,
    "ChrF++": 6.001600426780475,
    "WER": 97.74436090225564,
    "CER": 54.155251141552505,
    "TER": 118.42105263157893,
    "SER": 84.58646616541353,
    "MFER": 51.37602179836512,
    "MSER": 67.98124398188932,
    "Lemma precision": 96.12770562770562,
    "Lemma recall": 69.9121372454706,
    "Lemma F1": 80.17740727338251
}