{
    "BLEU": 0.20303165040336488,
    "ChrF++": 8.89121338912134,
    "WER": 45.81005586592179,
    "CER": 29.09090909090909,
    "TER": 37.709497206703915,
    "SER": 15.358361774744028,
    "MFER": 25.534441805225654,
    "MSER": 20.44640178998484,
    "Lemma precision": 88.6305114638448,
    "Lemma recall": 72.66305916305916,
    "Lemma F1": 79.46738292509372
}