{
    "BLEU": 0.0,
    "ChrF++": 5.458515283842795,
    "WER": 48.821548821548824,
    "CER": 17.693409742120345,
    "TER": 60.60606060606061,
    "SER": 0.0,
    "MFER": 26.565961732124865,
    "MSER": 13.282980866062433,
    "Lemma precision": 98.68518518518518,
    "Lemma recall": 96.45502645502644,
    "Lemma F1": 97.48100664767327
}