{
    "BLEU": 0.18648142452228683,
    "ChrF++": 7.318695941450433,
    "WER": 100.25,
    "CER": 80.20735155513667,
    "TER": 101.25,
    "SER": 138.69863013698628,
    "MFER": 69.41649899396378,
    "MSER": 104.05756456547503,
    "Lemma precision": 50.67195767195768,
    "Lemma recall": 29.34669052806308,
    "Lemma F1": 37.01759384630565
}