{
    "BLEU": 0.151983885027977,
    "ChrF++": 5.060728744939271,
    "WER": 130.51470588235296,
    "CER": 76.04261106074343,
    "TER": 99.26470588235294,
    "SER": 66.17647058823529,
    "MFER": 76.16079494128275,
    "MSER": 71.16863276475902,
    "Lemma precision": 69.12169312169316,
    "Lemma recall": 58.09187109187109,
    "Lemma F1": 62.86885476255962
}