{
    "BLEU": 0.10914762995778618,
    "ChrF++": 6.390230048281739,
    "WER": 78.08219178082192,
    "CER": 50.02609603340292,
    "TER": 86.3013698630137,
    "SER": 15.050167224080266,
    "MFER": 44.38834154351394,
    "MSER": 29.7192543837971,
    "Lemma precision": 84.22823472823472,
    "Lemma recall": 80.26014109347443,
    "Lemma F1": 81.98728645890668
}