{
    "BLEU": 0.14290716785187205,
    "ChrF++": 8.035714285714286,
    "WER": 57.534246575342465,
    "CER": 27.94603524229075,
    "TER": 61.64383561643836,
    "SER": 0.0,
    "MFER": 0.3785842293906809,
    "MSER": 18.929211469534046,
    "Morpheme accuracy": 0.0,
    "Word accuracy": 0.0
}