{
    "BLEU": 0.11486468475047858,
    "ChrF++": 6.63129973474801,
    "WER": 73.42465753424658,
    "CER": 42.1972860125261,
    "TER": 73.97260273972603,
    "SER": 0.0,
    "MFER": 39.05254091300605,
    "MSER": 19.526270456503024,
    "Lemma precision": 84.22823472823472,
    "Lemma recall": 81.54761904761905,
    "Lemma F1": 82.6828980368712
}