{
    "BLEU": 0.12607556010310753,
    "ChrF++": 6.830601092896174,
    "WER": 73.6986301369863,
    "CER": 44.052863436123346,
    "TER": 73.97260273972603,
    "SER": 15.050167224080266,
    "MFER": 0.42094017094017094,
    "MSER": 28.57209215904868,
    "Morpheme accuracy": 0.0,
    "Word accuracy": 0.0
}