{
    "BLEU": 0.1912115134649757,
    "ChrF++": 10.005717552887363,
    "WER": 113.46801346801347,
    "CER": 73.42406876790831,
    "TER": 90.90909090909092,
    "SER": 77.31958762886599,
    "MFER": 77.70484171322161,
    "MSER": 77.51221467104381,
    "Lemma precision": 57.89947089947092,
    "Lemma recall": 47.16634599967933,
    "Lemma F1": 51.66492552663864
}