{
    "BLEU": 0.187827508458091,
    "ChrF++": 10.491441192711209,
    "WER": 106.37583892617451,
    "CER": 70.83232225188061,
    "TER": 90.60402684563759,
    "SER": 77.05479452054794,
    "MFER": 0.7319597069597068,
    "MSER": 75.12538260825932,
    "Morpheme accuracy": 0.0,
    "Word accuracy": 0.0
}