{
    "BLEU": 0.15601184595522388,
    "ChrF++": 5.490483162518302,
    "WER": 54.20875420875421,
    "CER": 31.661891117478508,
    "TER": 45.45454545454546,
    "SER": 0.0,
    "MFER": 25.46354166666666,
    "MSER": 12.73177083333333,
    "Lemma precision": 95.67989417989419,
    "Lemma recall": 87.34607984607986,
    "Lemma F1": 91.06905268411974
}