{
    "BLEU": 0.20530998833614234,
    "ChrF++": 8.92857142857143,
    "WER": 86.5979381443299,
    "CER": 42.14755295836377,
    "TER": 92.78350515463917,
    "SER": 31.46853146853147,
    "MFER": 57.968036529680354,
    "MSER": 44.718283999105914,
    "Lemma precision": 76.41774891774892,
    "Lemma recall": 70.68213884880552,
    "Lemma F1": 72.71491118291942
}