{
    "BLEU": 0.1857055290160993,
    "ChrF++": 8.451957295373665,
    "WER": 98.16849816849816,
    "CER": 54.52554744525548,
    "TER": 115.3846153846154,
    "SER": 50.373134328358205,
    "MFER": 0.5999550763701708,
    "MSER": 55.18432098268764,
    "Morpheme accuracy": 0.0,
    "Word accuracy": 0.0
}