{
    "BLEU": 0.20025436900774748,
    "ChrF++": 11.842105263157896,
    "WER": 119.58762886597938,
    "CER": 77.94010226442659,
    "TER": 108.24742268041237,
    "SER": 94.4055944055944,
    "MFER": 63.2198952879581,
    "MSER": 78.81274484677625,
    "Lemma precision": 62.70161936828603,
    "Lemma recall": 48.8634760301427,
    "Lemma F1": 54.590106755225435
}