{
    "BLEU": 0.0,
    "ChrF++": 4.899825783972126,
    "WER": 84.92647058823529,
    "CER": 42.112420670897556,
    "TER": 99.26470588235294,
    "SER": 49.63235294117647,
    "MFER": 35.19774011299434,
    "MSER": 42.41504652708541,
    "Lemma precision": 94.84391534391534,
    "Lemma recall": 86.74162257495588,
    "Lemma F1": 90.31530910323481
}