{
    "BLEU": 0.3585925664721014,
    "ChrF++": 14.50381679389313,
    "WER": 21.73913043478261,
    "CER": 12.041210560206054,
    "TER": 15.050167224080266,
    "SER": 15.625,
    "MFER": 18.29652996845426,
    "MSER": 16.96076498422713,
    "Lemma precision": 86.53615520282186,
    "Lemma recall": 82.6758858425525,
    "Lemma F1": 84.29136799828233
}