{
    "BLEU": 0.0,
    "ChrF++": 0.0,
    "WER": 100.0,
    "CER": 100.0,
    "TER": 60.40268456375839,
    "SER": 61.64383561643836,
    "MFER": 0.0,
    "MSER": 30.82191780821918,
    "Morpheme accuracy": 0.0,
    "Word accuracy": 0.0
}