{
    "BLEU": 0.12582605790952256,
    "ChrF++": 4.3004587155963305,
    "WER": 102.5735294117647,
    "CER": 83.65820489573889,
    "TER": 115.80882352941177,
    "SER": 215.07352941176472,
    "MFER": 80.33222591362126,
    "MSER": 147.702877662693,
    "Lemma precision": 77.43827160493827,
    "Lemma recall": 27.339396577391824,
    "Lemma F1": 40.14064629334656
}