{
    "BLEU": 0.24749965299915622,
    "ChrF++": 4.966887417218543,
    "WER": 100.73529411764706,
    "CER": 78.35448776065277,
    "TER": 115.80882352941177,
    "SER": 314.3382352941177,
    "MFER": 0.8332766439909297,
    "MSER": 198.83294984660532,
    "Morpheme accuracy": 0.0,
    "Word accuracy": 0.0
}