{
    "BLEU": 0.16795477690029237,
    "ChrF++": 7.47172859450727,
    "WER": 32.17391304347826,
    "CER": 20.119802677942214,
    "TER": 52.17391304347826,
    "SER": 15.306122448979592,
    "MFER": 21.898734177215193,
    "MSER": 18.60242831309739,
    "Lemma precision": 94.17460317460316,
    "Lemma recall": 88.9460477793811,
    "Lemma F1": 91.24042007375337
}