{
    "BLEU": 0.20755829956638502,
    "ChrF++": 7.251047373509506,
    "WER": 106.01503759398496,
    "CER": 51.659056316590565,
    "TER": 135.33834586466165,
    "SER": 84.58646616541353,
    "MFER": 56.30415561450044,
    "MSER": 70.44531088995699,
    "Lemma precision": 92.89762706429373,
    "Lemma recall": 67.66603766603767,
    "Lemma F1": 77.6517114731769
}