{
    "BLEU": 0.18141010199670904,
    "ChrF++": 7.3433420365535245,
    "WER": 110.15037593984962,
    "CER": 53.84849406753879,
    "TER": 135.33834586466165,
    "SER": 67.66917293233082,
    "MFER": 0.5771276595744682,
    "MSER": 62.69096944488882,
    "Morpheme accuracy": 0.0,
    "Word accuracy": 0.0
}