{
    "BLEU": 0.284138361837257,
    "ChrF++": 12.132822477650066,
    "WER": 67.67676767676768,
    "CER": 47.538860103626945,
    "TER": 45.45454545454546,
    "SER": 47.0383275261324,
    "MFER": 0.4888268156424581,
    "MSER": 47.96050454518911,
    "Morpheme accuracy": 0.0,
    "Word accuracy": 0.0
}