{
    "BLEU": 0.2822113759384791,
    "ChrF++": 12.666666666666664,
    "WER": 57.19063545150501,
    "CER": 34.32066967160335,
    "TER": 45.1505016722408,
    "SER": 46.875,
    "MFER": 42.432432432432435,
    "MSER": 44.65371621621622,
    "Lemma precision": 69.76455026455027,
    "Lemma recall": 56.826438993105654,
    "Lemma F1": 62.267245463323896
}