{
    "BLEU": 0.0,
    "ChrF++": 4.766949152542373,
    "WER": 71.69117647058823,
    "CER": 32.84224841341795,
    "TER": 99.26470588235294,
    "SER": 33.088235294117645,
    "MFER": 28.646188850967015,
    "MSER": 30.86721207254233,
    "Lemma precision": 94.07231040564373,
    "Lemma recall": 82.6898471898472,
    "Lemma F1": 87.6410822865931
}